{"cameraMode":{"drawMode":0,"name":"Shaded","section":"Shading Mode"},"sceneLighting":false,"audioPlay":false,"sceneViewState":{"showFog":true,"showMaterialUpdate":true,"showSkybox":false,"showFlares":true,"showImageEffects":true,"showParticleSystems":true},"in2DMode":false,"pivot":{"x":-0.01835988461971283,"y":1.3595354557037354,"z":0.022533714771270753},"rotation":{"x":-0.13070158660411836,"y":0.7593358159065247,"z":-0.16090187430381776,"w":-0.6168124675750732},"size":2.639070749282837,"orthographic":false}