{"cameraMode":{"drawMode":0,"name":"Shaded","section":"Shading Mode"},"sceneLighting":false,"audioPlay":false,"sceneViewState":{"showFog":true,"showMaterialUpdate":true,"showSkybox":false,"showFlares":true,"showImageEffects":true,"showParticleSystems":true},"in2DMode":false,"pivot":{"x":-84.02914428710938,"y":10.73794937133789,"z":84.56534576416016},"rotation":{"x":-0.15039001405239106,"y":0.6057616472244263,"z":-0.11795183271169663,"w":-0.7723548412322998},"size":12.124975204467774,"orthographic":false}