{"cameraMode":{"drawMode":0,"name":"Shaded","section":"Shading Mode"},"sceneLighting":false,"audioPlay":false,"sceneViewState":{"showFog":true,"showMaterialUpdate":true,"showSkybox":false,"showFlares":true,"showImageEffects":true,"showParticleSystems":true},"in2DMode":false,"pivot":{"x":7.630000114440918,"y":4.059999942779541,"z":0.7765941619873047},"rotation":{"x":-0.18327532708644868,"y":0.25250720977783205,"z":-0.048774197697639468,"w":-0.9488274455070496},"size":25.82549285888672,"orthographic":false}