{"cameraMode":{"drawMode":0,"name":"Shaded","section":"Shading Mode"},"sceneLighting":false,"audioPlay":false,"sceneViewState":{"showFog":true,"showMaterialUpdate":true,"showSkybox":false,"showFlares":true,"showImageEffects":true,"showParticleSystems":true},"in2DMode":false,"pivot":{"x":152.63804626464845,"y":0.07999998331069946,"z":141.26902770996095},"rotation":{"x":0.1411730945110321,"y":-0.5068727731704712,"z":0.08455923944711685,"w":0.8461844325065613},"size":2.8578836917877199,"orthographic":false}