{"cameraMode":{"drawMode":0,"name":"Shaded","section":"Shading Mode"},"sceneLighting":true,"audioPlay":false,"sceneViewState":{"showFog":true,"showMaterialUpdate":true,"showSkybox":true,"showFlares":true,"showImageEffects":true,"showParticleSystems":true},"in2DMode":false,"pivot":{"x":105.20307922363281,"y":-0.013537864200770855,"z":-101.80467224121094},"rotation":{"x":0.08696708083152771,"y":-0.35743796825408938,"z":0.03344351425766945,"w":0.929292619228363},"size":1.4157531261444092,"orthographic":false}