{"cameraMode":{"drawMode":0,"name":"Shaded","section":"Shading Mode"},"sceneLighting":false,"audioPlay":false,"sceneViewState":{"showFog":true,"showMaterialUpdate":true,"showSkybox":false,"showFlares":true,"showImageEffects":true,"showParticleSystems":true},"in2DMode":false,"pivot":{"x":0.2214752435684204,"y":1.5961499214172364,"z":0.40256810188293459},"rotation":{"x":-0.02132943831384182,"y":0.3541456460952759,"z":-0.008078549988567829,"w":-0.9349161982536316},"size":4.041658401489258,"orthographic":false}