{"cameraMode":{"drawMode":0,"name":"Shaded","section":"Shading Mode"},"sceneLighting":false,"audioPlay":false,"sceneViewState":{"showFog":true,"showMaterialUpdate":true,"showSkybox":false,"showFlares":true,"showImageEffects":true,"showParticleSystems":true},"in2DMode":false,"pivot":{"x":71.56145477294922,"y":0.8761273622512817,"z":-68.48542785644531},"rotation":{"x":-0.15039001405239106,"y":0.6057616472244263,"z":-0.11795183271169663,"w":-0.7723548412322998},"size":5.8416595458984379,"orthographic":false}